mrkdwn,Photo Frames,
mrkdwn,Canvas,
mrkdwn,Photo Mugs,
mrkdwn,T-Shirts,
mrkdwn,Posters,
mrkdwn,Fridge Magnets,
mrkdwn,Photo Prints,
mrkdwn,Photo  Decor Boxes,
mrkdwn,Gift Wrapping Paper,
mrkdwn,Photo Books,
mrkdwn,Business Cards,
mrkdwn,Letterheads,
mrkdwn,Bill Books,
mrkdwn,Brochures,
mrkdwn,Certificates,
mrkdwn,Invitation Cards,
mrkdwn,Testing 1,
mrkdwn,Greeting cards,
mrkdwn,Envelopes,
mrkdwn,ID Cards,
mrkdwn,Lanyards,
mrkdwn,Standees,
mrkdwn,Flyers,
mrkdwn,Calendars & Diaries,
mrkdwn,Case Bound Diaries,
mrkdwn,Organisers,
mrkdwn,Wire-O Diaries,
mrkdwn,Desk Calendars,
mrkdwn,Wall Calendars,
mrkdwn,Drinkware,
mrkdwn,Caps,
mrkdwn,USB,
mrkdwn,Corporate Gifting,
mrkdwn,Backpacks,
mrkdwn,Keychains,
mrkdwn,Pens,
mrkdwn,Electronics,
mrkdwn,Crystal Gifts,
mrkdwn,Awards,
mrkdwn,Stationery,
mrkdwn,Gift Sets,
mrkdwn,Wall Decor,
mrkdwn,Marketing & Events,
mrkdwn,Photo Gifts,
mrkdwn,Mobile Covers,
mrkdwn,Canvera Pro Photobooks,
mrkdwn,Medals,
mrkdwn,Tent Card,
mrkdwn,Protective Equipment for COVID,
mrkdwn,COVID-19 Products,
mrkdwn,Document Printing,
mrkdwn,FaceTag,
mrkdwn,Photo Plaque,
mrkdwn,ID Card Accessories,
mrkdwn,Personalized Mask,
mrkdwn,Packaging Labels,
mrkdwn,Hang Tags,
mrkdwn,Notebooks,
mrkdwn,Food & Cake Boxes,
mrkdwn,Packaging Materials,
mrkdwn,test,
mrkdwn,Mono Carton Boxes,
mrkdwn,Booklets,
mrkdwn,Cards,
mrkdwn,Rubber Stamp,
mrkdwn,Design Services,
mrkdwn,Courier Poly Bag,
mrkdwn,Shipping and Flat Mailer Boxes,
mrkdwn,Packing tape,
mrkdwn,Printed Product Design,
mrkdwn,Cotton Carry Bags,
mrkdwn,Paper Pouches,
mrkdwn,Pizza Boxes,
mrkdwn,Digital Paper Bag,
mrkdwn,Services (Add-On),
mrkdwn,Sweatshirt and Hoodies,
mrkdwn,Banner,
mrkdwn,Button Badges,
mrkdwn,Same day products,
mrkdwn,Notepads,
mrkdwn,Bookmarks,
mrkdwn,Stickers,
mrkdwn,Playing Cards,
mrkdwn,Sketch Books,
mrkdwn,Personalized Chocolates,
mrkdwn,Coasters,
mrkdwn,Packaging Sleeves,
mrkdwn,Danglers,
mrkdwn,Phonepe Products,
mrkdwn,Deleted,
mrkdwn,Designs,
mrkdwn,Placemats,
mrkdwn,Delete,
mrkdwn,Creator Platform,
